<GuiXml>
	<Controls>
		<TopLevelControl name="ESOlocateUI" mouseEnabled="true" movable="true">
			<Dimensions x="150" y="30" offsetX = "5" offsetY = "0" />
			<Anchor point="TOPLEFT" relativeTo="GuiRoot" relativePoint="CENTER" />
 
				<OnUpdate>
					ESOlocate.Update()
				</OnUpdate>

	<Controls>
	
	</Controls>	
	<Controls>
	<Texture textureFile="ESOlocate/white.dds" name="$(parent)Texture">
  <Anchor relativeTo="$(parent)" /> 
  <Dimensions x="150" y="30" /> 
  </Texture>
		<Label name="$(parent)coords" width="150" font="ZoFontChat" inheritAlpha="true" color="000000"
			wrapMode="TRUNCATE" verticalAlignment="CENTER" horizontalAlignment="CENTER" text="ESOLocate">
			<Anchor relativeTo="$(parent)" /> 
			<Dimensions x="150" y="30" /> 			
        </Label>	
	</Controls>

		</TopLevelControl>
	</Controls>
</GuiXml>